file_name,label
30018754.mp4,4
303746162.mp4,11
303771055.mp4,9
303783414.mp4,9
303785363.mp4,6
303835132.mp4,0
303922809.mp4,9
30393422.mp4,12
303942687.mp4,0
303996365.mp4,11
304028483.mp4,9
304037982.mp4,5
304069544.mp4,9
304078846.mp4,9
305345937.mp4,10
307240559.mp4,11
310524138.mp4,5
31145791.mp4,4
320101153.mp4,5
320717634.mp4,5
322295082.mp4,12
326999982.mp4,5
329729162.mp4,0
332385400.mp4,5
333014934.mp4,9
333157148.mp4,9
337689228.mp4,5
341676117.mp4,5
344025523.mp4,5
34623580.mp4,9
346789577.mp4,5
351301706.mp4,5
352065396.mp4,10
358656638.mp4,10
36012750.mp4,6
360909295.mp4,10
363902454.mp4,9
365340885.mp4,9
36845841.mp4,5
368536888.mp4,11
371042623.mp4,5
372665420.mp4,9
372815696.mp4,6
38627793.mp4,5
39321827.mp4,0
408590962_123_133.mp4,10
408590962_80_90.mp4,10
409854840.mp4,9
42484282.mp4,0
438532167_36_46.mp4,10
440764409.mp4,9
453828921_61_71.mp4,6
469167330_18_28.mp4,12
477019121_32_42.mp4,12
477818029_16_26.mp4,12
477818029_5_15.mp4,12
48362666.mp4,4
48575368.mp4,4
49216813.mp4,9
498827293.mp4,9
501034834.mp4,12
502611997.mp4,9
504537941_192_202.mp4,12
5051730.mp4,5
505706809_9_19.mp4,12
508659635.mp4,5
510664476.mp4,3
513191329_47_57.mp4,9
514132032_29_39.mp4,6
514132032_99_109.mp4,6
51488569.mp4,3
515111914.mp4,12
518226293.mp4,9
52378965.mp4,6
52503778.mp4,5
5258353.mp4,5
5266876.mp4,0
526698473.mp4,9
527118388.mp4,9
535778223.mp4,9
536112086.mp4,12
537167457.mp4,3
537271104.mp4,12
540348026_130_140.mp4,9
540348026_28_38.mp4,8
541318264.mp4,6
541586604.mp4,5
543121627.mp4,9
545297066.mp4,9
545952117.mp4,9
547837942_145_155.mp4,6
54945826.mp4,5
551123797_12_22.mp4,9
551123797_30_40.mp4,6
554809537.mp4,9
556382066_70_80.mp4,6
556558364.mp4,9
556786463.mp4,9
560572233.mp4,5
564176396.mp4,1
568191064_11_21.mp4,0
568191064_27_37.mp4,12
568360476.mp4,12
572840533_126_136.mp4,9
573436213_128_138.mp4,7
57351046.mp4,13
5738877.mp4,4
574253307.mp4,9
576776907.mp4,5
577824608.mp4,4
581001724_11_21.mp4,12
581135285.mp4,5
582126768.mp4,8
588848124.mp4,11
5902704.mp4,9
593524959.mp4,8
600413707_144_154.mp4,5
601130160.mp4,2
601676033.mp4,10
602356487.mp4,9
602442067_25_35.mp4,12
603115289_33_43.mp4,8
603592416.mp4,4
605741545_101_111.mp4,12
606999518_38_48.mp4,11
607278238.mp4,11
608289523.mp4,9
6107590.mp4,3
611465932_5_15.mp4,12
612927417.mp4,6
613235206.mp4,9
614153128.mp4,8
61686127.mp4,0
617217638_145_155.mp4,1
617244259_70_80.mp4,9
617926001_7_17.mp4,8
618001904_220_230.mp4,7
620421707.mp4,9
623064757_220_230.mp4,9
623074231_70_80.mp4,9
623490405_145_155.mp4,7
623849245_45_55.mp4,13
626640836_25_35.mp4,12
627156658_61_71.mp4,9
627448934.mp4,13
629457573.mp4,9
632496482_131_141.mp4,9
632568975_196_206.mp4,7
635644677_101_111.mp4,7
635754867_34_44.mp4,4
635754867_8_18.mp4,9
636288992.mp4,12
636781507_139_149.mp4,7
636873741_62_72.mp4,7
639250267_220_230.mp4,7
639669265.mp4,9
640010913.mp4,13
640364736.mp4,8
640553577.mp4,9
641554605_220_230.mp4,7
643955341.mp4,3
645940048_215_225.mp4,9
646065619.mp4,2
6492032.mp4,10
651622935.mp4,9
653722228_70_80.mp4,7
663088919.mp4,9
666643153.mp4,9
669938845_106_116.mp4,6
670254098_42_52.mp4,3
671130847.mp4,9
671288999.mp4,5
6732761.mp4,8
674641233_95_105.mp4,6
676175358.mp4,9
676344603_70_80.mp4,2
676636563_70_80.mp4,7
68261421.mp4,10
682933378.mp4,10
685892317.mp4,9
689096551.mp4,9
690153645_70_80.mp4,9
690204471_145_155.mp4,7
690204471_70_80.mp4,7
690307285_42_52.mp4,9
690307285_57_67.mp4,8
690925482.mp4,7
691373102.mp4,14
691825569_70_80.mp4,8
693131329_70_80.mp4,7
694085350.mp4,9
6946994.mp4,3
69482322.mp4,5
69498975.mp4,9
695585839_145_155.mp4,5
697070157_116_126.mp4,7
697070157_177_187.mp4,9
697397329_168_178.mp4,13
698571268.mp4,9
699205724_30_40.mp4,9
69928630.mp4,5
699517398.mp4,9
701407973.mp4,9
702870911_22_32.mp4,6
70396709.mp4,3
704471180.mp4,10
705087609_4_14.mp4,12
706186804_211_221.mp4,6
706227531.mp4,9
707345459.mp4,9
711973310_16_26.mp4,3
711973310_5_15.mp4,3
712265316.mp4,9
712309585.mp4,9
715079080.mp4,9
717407230_22_32.mp4,8
717586170_10_20.mp4,13
718805350_33_43.mp4,11
718805350_7_17.mp4,4
71914397.mp4,9
719570327.mp4,11
722887206.mp4,2
729324696_48_58.mp4,8
729641465.mp4,7
732862400_65_75.mp4,3
736167763.mp4,9
7416208.mp4,6
744247349.mp4,2
744306825_95_105.mp4,6
745199890_47_57.mp4,14
747948309_10_20.mp4,2
748103329.mp4,9
748491221_220_230.mp4,7
749942461_58_68.mp4,13
750939902.mp4,13
755221844_91_101.mp4,7
759669572.mp4,9
760912618.mp4,9
763857675.mp4,11
764078921_118_128.mp4,9
764639674_181_191.mp4,5
764639674_41_51.mp4,4
765155432_33_43.mp4,8
765155432_53_63.mp4,8
765155432_72_82.mp4,1
765629064.mp4,9
765713702.mp4,9
766581798.mp4,13
766591301_68_78.mp4,8
768032195_70_80.mp4,3
768223187.mp4,5
768242424_153_163.mp4,12
76881930.mp4,4
770115835.mp4,3
770499232.mp4,5
770845101.mp4,3
77267354.mp4,9
773243351_129_139.mp4,8
773924242_46_56.mp4,9
774327707.mp4,13
774378691_22_32.mp4,10
774770209.mp4,4
774775670.mp4,1
776358091_145_155.mp4,7
776449937.mp4,10
778582774_145_155.mp4,7
778631848_220_230.mp4,7
779470715.mp4,3
783913871_220_230.mp4,3
784648406_32_42.mp4,6
784648406_69_79.mp4,14
786476903.mp4,8
786807426.mp4,9
787361511_40_50.mp4,8
787361511_51_61.mp4,8
788994036_5_15.mp4,13
79119610.mp4,3
792710970.mp4,5
794662928_70_80.mp4,7
794987630.mp4,12
796231945_11_21.mp4,13
796231945_27_37.mp4,12
797235482_145_155.mp4,7
797546417_46_56.mp4,0
800413801_32_42.mp4,2
800413801_45_55.mp4,8
800849666_145_155.mp4,7
800849666_70_80.mp4,7
801454381_11_21.mp4,14
807122394.mp4,9
810316865.mp4,11
812120053.mp4,9
813210203.mp4,9
813428264.mp4,9
813514296_12_22.mp4,13
815032153.mp4,11
817822054_32_42.mp4,1
818855951.mp4,13
819154079_220_230.mp4,7
826087114_56_66.mp4,6
826153989.mp4,5
82722526.mp4,4
827826075.mp4,9
828058750_130_140.mp4,8
828113785.mp4,9
828364025_31_41.mp4,2
828506690.mp4,5
829923135_61_71.mp4,9
829934723_164_174.mp4,9
829987854.mp4,12
830715480.mp4,9
831668193.mp4,9
831876.mp4,3
832470519_37_47.mp4,9
832620875.mp4,8
832794828_73_83.mp4,3
833873906_16_26.mp4,5
834841834.mp4,12
835249273_62_72.mp4,9
836016047_59_69.mp4,9
837148190.mp4,9
837503823.mp4,9
838716540.mp4,11
840191139_10_20.mp4,8
841981499_145_155.mp4,6
843718136.mp4,11
844872838.mp4,9
848484606.mp4,3
848738021.mp4,11
849380467.mp4,3
849440224.mp4,9
850441472.mp4,4
850712126.mp4,11
850959489.mp4,13
851988511.mp4,11
852924390.mp4,11
853244558.mp4,9
853499607.mp4,13
854822864.mp4,3
854991739.mp4,4
855121784.mp4,11
855660919_11_21.mp4,3
855780574_39_49.mp4,9
856158461.mp4,2
856436598.mp4,1
857104142.mp4,12
857410894.mp4,8
857622450.mp4,3
857688282.mp4,4
857783106.mp4,10
858710699.mp4,3
858720824.mp4,3
859592443.mp4,4
860151652_48_58.mp4,8
860151652_75_85.mp4,9
860377783.mp4,10
860892905.mp4,11
862063858.mp4,10
862381695.mp4,3
862565823.mp4,13
862680857_157_167.mp4,2
862817753.mp4,10
863068014.mp4,3
863149037.mp4,3
863169253.mp4,3
863827223.mp4,3
863946914_23_33.mp4,2
864224574.mp4,3
864289450_32_42.mp4,8
864470780_220_230.mp4,7
864558817.mp4,7
865456576_80_90.mp4,12
865977163.mp4,7
867206855_47_57.mp4,2
868019225_220_230.mp4,7
868318890.mp4,8
868490705.mp4,3
868673979_22_32.mp4,5
869178884.mp4,12
869489791_145_155.mp4,7
869682146.mp4,13
870561850.mp4,7
870573538.mp4,14
870647790.mp4,9
870653292.mp4,8
870868157.mp4,3
870957188.mp4,3
871106242.mp4,4
871165537.mp4,11
871184135.mp4,2
871273898_41_51.mp4,3
871377238.mp4,3
871493696.mp4,3
871706274_71_81.mp4,13
87223749.mp4,10
872395934.mp4,10
872808790.mp4,4
872979960.mp4,13
872986829.mp4,7
873006562.mp4,1
873310341.mp4,10
873459929.mp4,4
873717291_20_30.mp4,7
873717291_45_55.mp4,7
8738791.mp4,3
873890800.mp4,12
874001655.mp4,4
874273086.mp4,3
8744603.mp4,0
874627482.mp4,3
874833459.mp4,0
874937798.mp4,3
874969579.mp4,3
875168691.mp4,3
875400691.mp4,3
875644481.mp4,12
875649979.mp4,2
875705468_4_14.mp4,8
875739492.mp4,4
876037195_13_23.mp4,3
876187466.mp4,3
876514362.mp4,3
877107361.mp4,3
877203208.mp4,3
877334717.mp4,3
877583516_74_84.mp4,2
877827285.mp4,9
877917485.mp4,4
878038920.mp4,7
878078287.mp4,2
878575231.mp4,10
878575545.mp4,3
878660720.mp4,3
878732672_52_62.mp4,9
878987825.mp4,10
879003911.mp4,3
879095619.mp4,7
879510314_18_28.mp4,13
879516906.mp4,3
879517613.mp4,9
879744805.mp4,13
879817699.mp4,9
879825155_56_66.mp4,1
879902964_91_101.mp4,10
880002110_96_106.mp4,9
880869158.mp4,2
881899394.mp4,3
881902836.mp4,3
881951515.mp4,9
882203263.mp4,3
882718107.mp4,10
882929978_218_228.mp4,12
882929978_69_79.mp4,12
883241555_54_64.mp4,9
883309129.mp4,6
883775405.mp4,3
884466470.mp4,9
884748270_152_162.mp4,13
884937937.mp4,10
885065857.mp4,9
885102361.mp4,3
885245494.mp4,9
885328640.mp4,11
885365555.mp4,11
886339379_26_36.mp4,0
887213280.mp4,10
887486577.mp4,4
887611305.mp4,11
888030211.mp4,10
888065475.mp4,3
888514991_25_35.mp4,8
888514991_55_65.mp4,9
888514991_85_95.mp4,3
888739850_32_42.mp4,13
889019597.mp4,8
889136932.mp4,10
889213666.mp4,9
890010075.mp4,6
890402646.mp4,9
890929937_18_28.mp4,2
890929937_42_52.mp4,9
891555421.mp4,2
891644597.mp4,10
892760815_57_67.mp4,2
892779858_170_180.mp4,3
892983227.mp4,9
89318058.mp4,10
893758840.mp4,2
893894475.mp4,6
895698686.mp4,11
895794270_40_50.mp4,2
896319825.mp4,3
896533106.mp4,13
896702363.mp4,3
896818669.mp4,4
896859690_38_48.mp4,3
896906535.mp4,11
897123691_67_77.mp4,8
897408931_220_230.mp4,9
897551456.mp4,9
897974621_70_80.mp4,3
898713711.mp4,3
898979241_23_33.mp4,12
899183470.mp4,3
899731707_220_230.mp4,7
